SampleID,Location,Island,Species,GPS,Barcode,Gene Primer (ITS2),Full Sequence (Adaptor&Barcode&Linker&Geneprimer) (5'-3')
Ku-Po-01,Singapore,Kusu,P. lutea,1.222358N 103.865050E,GTCGAATTTGCG,GCTGCGTTCTTCATCGATGC ,CAAGCAGAAGACGGCATACGAGATGTCGAATTTGCGCGGCTGCGTTCTTCATCGATGC 
Ku-Po-02,Singapore,Kusu,P. lutea,1.222358N 103.865050E,GCATCAGAGTTA,GCTGCGTTCTTCATCGATGC ,CAAGCAGAAGACGGCATACGAGATGCATCAGAGTTACGGCTGCGTTCTTCATCGATGC 
Ku-Po-03,Singapore,Kusu,P. lutea,1.222358N 103.865050E,GTGGTCATCGTA,GCTGCGTTCTTCATCGATGC ,CAAGCAGAAGACGGCATACGAGATGTGGTCATCGTACGGCTGCGTTCTTCATCGATGC 
Ku-Po-04,Singapore,Kusu,P. lutea,1.222358N 103.865050E,CTGAAGGGCGAA,GCTGCGTTCTTCATCGATGC ,CAAGCAGAAGACGGCATACGAGATCTGAAGGGCGAACGGCTGCGTTCTTCATCGATGC 
Ku-Po-05,Singapore,Kusu,P. lutea,1.222358N 103.865050E,CGCTCACAGAAT,GCTGCGTTCTTCATCGATGC ,CAAGCAGAAGACGGCATACGAGATCGCTCACAGAATCGGCTGCGTTCTTCATCGATGC 
Ku-Po-06,Singapore,Kusu,P. lutea,1.222358N 103.865050E,ATTCGGTAGTGC,GCTGCGTTCTTCATCGATGC ,CAAGCAGAAGACGGCATACGAGATATTCGGTAGTGCCGGCTGCGTTCTTCATCGATGC 
Ku-Po-07,Singapore,Kusu,P. lutea,1.222358N 103.865050E,CGAGCTGTTACC,GCTGCGTTCTTCATCGATGC ,CAAGCAGAAGACGGCATACGAGATCGAGCTGTTACCCGGCTGCGTTCTTCATCGATGC 
Ku-Po-08,Singapore,Kusu,P. lutea,1.222358N 103.865050E,CAACACATGCTG,GCTGCGTTCTTCATCGATGC ,CAAGCAGAAGACGGCATACGAGATCAACACATGCTGCGGCTGCGTTCTTCATCGATGC 
Ku-Po-09,Singapore,Kusu,P. lutea,1.222358N 103.865050E,ATTCTCTCACGT,GCTGCGTTCTTCATCGATGC ,CAAGCAGAAGACGGCATACGAGATATTCTCTCACGTCGGCTGCGTTCTTCATCGATGC 
Ku-Po-10,Singapore,Kusu,P. lutea,1.222358N 103.865050E,CGACTCTAAACG,GCTGCGTTCTTCATCGATGC ,CAAGCAGAAGACGGCATACGAGATCGACTCTAAACGCGGCTGCGTTCTTCATCGATGC 
Ku-Po-11,Singapore,Kusu,P. lutea,1.222358N 103.865050E,GTCTTCAGCAAG,GCTGCGTTCTTCATCGATGC ,CAAGCAGAAGACGGCATACGAGATGTCTTCAGCAAGCGGCTGCGTTCTTCATCGATGC 
Ku-Po-12,Singapore,Kusu,P. lutea,1.222358N 103.865050E,CGGATAACCTCC,GCTGCGTTCTTCATCGATGC ,CAAGCAGAAGACGGCATACGAGATCGGATAACCTCCCGGCTGCGTTCTTCATCGATGC 
Ku-Po-13,Singapore,Kusu,P. lutea,1.222358N 103.865050E,AGGGTGACTTTA,GCTGCGTTCTTCATCGATGC ,CAAGCAGAAGACGGCATACGAGATAGGGTGACTTTACGGCTGCGTTCTTCATCGATGC 
Ku-Po-14,Singapore,Kusu,P. lutea,1.222358N 103.865050E,GACTTCATGCGA,GCTGCGTTCTTCATCGATGC ,CAAGCAGAAGACGGCATACGAGATGACTTCATGCGACGGCTGCGTTCTTCATCGATGC 
Ku-Po-15,Singapore,Kusu,P. lutea,1.222358N 103.865050E,GCCTGTCTGCAA,GCTGCGTTCTTCATCGATGC ,CAAGCAGAAGACGGCATACGAGATGCCTGTCTGCAACGGCTGCGTTCTTCATCGATGC 
Ku-Po-16,Singapore,Kusu,P. lutea,1.222358N 103.865050E,ACTGATGGCCTC,GCTGCGTTCTTCATCGATGC ,CAAGCAGAAGACGGCATACGAGATACTGATGGCCTCCGGCTGCGTTCTTCATCGATGC 
Ku-Po-17,Singapore,Kusu,P. lutea,1.222358N 103.865050E,TTCGATGCCGCA,GCTGCGTTCTTCATCGATGC ,CAAGCAGAAGACGGCATACGAGATTTCGATGCCGCACGGCTGCGTTCTTCATCGATGC 
Ku-Po-18,Singapore,Kusu,P. lutea,1.222358N 103.865050E,TGTGGCTCGTGT,GCTGCGTTCTTCATCGATGC ,CAAGCAGAAGACGGCATACGAGATTGTGGCTCGTGTCGGCTGCGTTCTTCATCGATGC 
Ku-Po-19,Singapore,Kusu,P. lutea,1.222358N 103.865050E,AACTTTCAGGAG,GCTGCGTTCTTCATCGATGC ,CAAGCAGAAGACGGCATACGAGATAACTTTCAGGAGCGGCTGCGTTCTTCATCGATGC 
Ku-Po-20,Singapore,Kusu,P. lutea,1.222358N 103.865050E,TGCACGTGATAA,GCTGCGTTCTTCATCGATGC ,CAAGCAGAAGACGGCATACGAGATTGCACGTGATAACGGCTGCGTTCTTCATCGATGC 
RL-Po-01,Singapore,Raffles Lighthouse,P. lutea,1.160165N 103.740344E,GTTCGGTGTCCA,GCTGCGTTCTTCATCGATGC ,CAAGCAGAAGACGGCATACGAGATGTTCGGTGTCCACGGCTGCGTTCTTCATCGATGC 
RL-Po-02,Singapore,Raffles Lighthouse,P. lutea,1.160165N 103.740344E,AAGACAGCTATC,GCTGCGTTCTTCATCGATGC ,CAAGCAGAAGACGGCATACGAGATAAGACAGCTATCCGGCTGCGTTCTTCATCGATGC 
RL-Po-03,Singapore,Raffles Lighthouse,P. lutea,1.160165N 103.740344E,ATTGACCGGTCA,GCTGCGTTCTTCATCGATGC ,CAAGCAGAAGACGGCATACGAGATATTGACCGGTCACGGCTGCGTTCTTCATCGATGC 
RL-Po-04,Singapore,Raffles Lighthouse,P. lutea,1.160165N 103.740344E,TTCTCCATCACA,GCTGCGTTCTTCATCGATGC ,CAAGCAGAAGACGGCATACGAGATTTCTCCATCACACGGCTGCGTTCTTCATCGATGC 
RL-Po-05,Singapore,Raffles Lighthouse,P. lutea,1.160165N 103.740344E,CGTAGGTAGAGG,GCTGCGTTCTTCATCGATGC ,CAAGCAGAAGACGGCATACGAGATCGTAGGTAGAGGCGGCTGCGTTCTTCATCGATGC 
RL-Po-06,Singapore,Raffles Lighthouse,P. lutea,1.160165N 103.740344E,ATTTAGGACGAC,GCTGCGTTCTTCATCGATGC ,CAAGCAGAAGACGGCATACGAGATATTTAGGACGACCGGCTGCGTTCTTCATCGATGC 
RL-Po-07,Singapore,Raffles Lighthouse,P. lutea,1.160165N 103.740344E,GGATAGCCAAGG,GCTGCGTTCTTCATCGATGC ,CAAGCAGAAGACGGCATACGAGATGGATAGCCAAGGCGGCTGCGTTCTTCATCGATGC 
RL-Po-08,Singapore,Raffles Lighthouse,P. lutea,1.160165N 103.740344E,TGGTTGGTTACG,GCTGCGTTCTTCATCGATGC ,CAAGCAGAAGACGGCATACGAGATTGGTTGGTTACGCGGCTGCGTTCTTCATCGATGC 
RL-Po-09,Singapore,Raffles Lighthouse,P. lutea,1.160165N 103.740344E,GTCGTCCAAATG,GCTGCGTTCTTCATCGATGC ,CAAGCAGAAGACGGCATACGAGATGTCGTCCAAATGCGGCTGCGTTCTTCATCGATGC 
RL-Po-10,Singapore,Raffles Lighthouse,P. lutea,1.160165N 103.740344E,CAACGTGCTCCA,GCTGCGTTCTTCATCGATGC ,CAAGCAGAAGACGGCATACGAGATCAACGTGCTCCACGGCTGCGTTCTTCATCGATGC 
RL-Po-11,Singapore,Raffles Lighthouse,P. lutea,1.160165N 103.740344E,TACACAAGTCGC,GCTGCGTTCTTCATCGATGC ,CAAGCAGAAGACGGCATACGAGATTACACAAGTCGCCGGCTGCGTTCTTCATCGATGC 
RL-Po-12,Singapore,Raffles Lighthouse,P. lutea,1.160165N 103.740344E,GCGTCCATGAAT,GCTGCGTTCTTCATCGATGC ,CAAGCAGAAGACGGCATACGAGATGCGTCCATGAATCGGCTGCGTTCTTCATCGATGC 
RL-Po-13,Singapore,Raffles Lighthouse,P. lutea,1.160165N 103.740344E,GTAATGCGTAAC,GCTGCGTTCTTCATCGATGC ,CAAGCAGAAGACGGCATACGAGATGTAATGCGTAACCGGCTGCGTTCTTCATCGATGC 
RL-Po-14,Singapore,Raffles Lighthouse,P. lutea,1.160165N 103.740344E,GTCGCCGTACAT,GCTGCGTTCTTCATCGATGC ,CAAGCAGAAGACGGCATACGAGATGTCGCCGTACATCGGCTGCGTTCTTCATCGATGC 
RL-Po-15,Singapore,Raffles Lighthouse,P. lutea,1.160165N 103.740344E,GGAATCCGATTA,GCTGCGTTCTTCATCGATGC ,CAAGCAGAAGACGGCATACGAGATGGAATCCGATTACGGCTGCGTTCTTCATCGATGC 
RL-Po-16,Singapore,Raffles Lighthouse,P. lutea,1.160165N 103.740344E,CACCCGATGGTT,GCTGCGTTCTTCATCGATGC ,CAAGCAGAAGACGGCATACGAGATCACCCGATGGTTCGGCTGCGTTCTTCATCGATGC 
RL-Po-17,Singapore,Raffles Lighthouse,P. lutea,1.160165N 103.740344E,TTCTGAGAGGTA,GCTGCGTTCTTCATCGATGC ,CAAGCAGAAGACGGCATACGAGATTTCTGAGAGGTACGGCTGCGTTCTTCATCGATGC 
RL-Po-18,Singapore,Raffles Lighthouse,P. lutea,1.160165N 103.740344E,ATCCCTACGGAA,GCTGCGTTCTTCATCGATGC ,CAAGCAGAAGACGGCATACGAGATATCCCTACGGAACGGCTGCGTTCTTCATCGATGC 
RL-Po-19,Singapore,Raffles Lighthouse,P. lutea,1.160165N 103.740344E,GGTTCCATTAGG,GCTGCGTTCTTCATCGATGC ,CAAGCAGAAGACGGCATACGAGATGGTTCCATTAGGCGGCTGCGTTCTTCATCGATGC 
RL-Po-20,Singapore,Raffles Lighthouse,P. lutea,1.160165N 103.740344E,GTGTTCCCAGAA,GCTGCGTTCTTCATCGATGC ,CAAGCAGAAGACGGCATACGAGATGTGTTCCCAGAACGGCTGCGTTCTTCATCGATGC 
Se-Po-01,Singapore,Semakau,P. lutea,1.212615N 103.759078E,CCGAGGTATAAT,GCTGCGTTCTTCATCGATGC ,CAAGCAGAAGACGGCATACGAGATCCGAGGTATAATCGGCTGCGTTCTTCATCGATGC 
Se-Po-02,Singapore,Semakau,P. lutea,1.212615N 103.759078E,AGCGTAATTAGC,GCTGCGTTCTTCATCGATGC ,CAAGCAGAAGACGGCATACGAGATAGCGTAATTAGCCGGCTGCGTTCTTCATCGATGC 
Se-Po-03,Singapore,Semakau,P. lutea,1.212615N 103.759078E,CTCGTGAATGAC,GCTGCGTTCTTCATCGATGC ,CAAGCAGAAGACGGCATACGAGATCTCGTGAATGACCGGCTGCGTTCTTCATCGATGC 
Se-Po-04,Singapore,Semakau,P. lutea,1.212615N 103.759078E,AGGTGAGTTCTA,GCTGCGTTCTTCATCGATGC ,CAAGCAGAAGACGGCATACGAGATAGGTGAGTTCTACGGCTGCGTTCTTCATCGATGC 
Se-Po-05,Singapore,Semakau,P. lutea,1.212615N 103.759078E,CCTGTCCTATCT,GCTGCGTTCTTCATCGATGC ,CAAGCAGAAGACGGCATACGAGATCCTGTCCTATCTCGGCTGCGTTCTTCATCGATGC 
Se-Po-06,Singapore,Semakau,P. lutea,1.212615N 103.759078E,GGTTTAACACGC,GCTGCGTTCTTCATCGATGC ,CAAGCAGAAGACGGCATACGAGATGGTTTAACACGCCGGCTGCGTTCTTCATCGATGC 
Se-Po-07,Singapore,Semakau,P. lutea,1.212615N 103.759078E,AGACAGTAGGAG,GCTGCGTTCTTCATCGATGC ,CAAGCAGAAGACGGCATACGAGATAGACAGTAGGAGCGGCTGCGTTCTTCATCGATGC 
Se-Po-08,Singapore,Semakau,P. lutea,1.212615N 103.759078E,GCCACGACTTAC,GCTGCGTTCTTCATCGATGC ,CAAGCAGAAGACGGCATACGAGATGCCACGACTTACCGGCTGCGTTCTTCATCGATGC 
Se-Po-09,Singapore,Semakau,P. lutea,1.212615N 103.759078E,ATTGTTCCTACC,GCTGCGTTCTTCATCGATGC ,CAAGCAGAAGACGGCATACGAGATATTGTTCCTACCCGGCTGCGTTCTTCATCGATGC 
Se-Po-10,Singapore,Semakau,P. lutea,1.212615N 103.759078E,GCCGTAAACTTG,GCTGCGTTCTTCATCGATGC ,CAAGCAGAAGACGGCATACGAGATGCCGTAAACTTGCGGCTGCGTTCTTCATCGATGC 
Se-Po-11,Singapore,Semakau,P. lutea,1.212615N 103.759078E,GCAGATTTCCAG,GCTGCGTTCTTCATCGATGC ,CAAGCAGAAGACGGCATACGAGATGCAGATTTCCAGCGGCTGCGTTCTTCATCGATGC 
Se-Po-12,Singapore,Semakau,P. lutea,1.212615N 103.759078E,AGATGATCAGTC,GCTGCGTTCTTCATCGATGC ,CAAGCAGAAGACGGCATACGAGATAGATGATCAGTCCGGCTGCGTTCTTCATCGATGC 
Se-Po-13,Singapore,Semakau,P. lutea,1.212615N 103.759078E,GAGACGTGTTCT,GCTGCGTTCTTCATCGATGC ,CAAGCAGAAGACGGCATACGAGATGAGACGTGTTCTCGGCTGCGTTCTTCATCGATGC 
Se-Po-14,Singapore,Semakau,P. lutea,1.212615N 103.759078E,TATCACCGGCAC,GCTGCGTTCTTCATCGATGC ,CAAGCAGAAGACGGCATACGAGATTATCACCGGCACCGGCTGCGTTCTTCATCGATGC 
Se-Po-15,Singapore,Semakau,P. lutea,1.212615N 103.759078E,TATGCCAGAGAT,GCTGCGTTCTTCATCGATGC ,CAAGCAGAAGACGGCATACGAGATTATGCCAGAGATCGGCTGCGTTCTTCATCGATGC 
Se-Po-16,Singapore,Semakau,P. lutea,1.212615N 103.759078E,AGGTCCAAATCA,GCTGCGTTCTTCATCGATGC ,CAAGCAGAAGACGGCATACGAGATAGGTCCAAATCACGGCTGCGTTCTTCATCGATGC 
Se-Po-17,Singapore,Semakau,P. lutea,1.212615N 103.759078E,ACCGTGCTCACA,GCTGCGTTCTTCATCGATGC ,CAAGCAGAAGACGGCATACGAGATACCGTGCTCACACGGCTGCGTTCTTCATCGATGC 
Se-Po-18,Singapore,Semakau,P. lutea,1.212615N 103.759078E,CTCCCTTTGTGT,GCTGCGTTCTTCATCGATGC ,CAAGCAGAAGACGGCATACGAGATCTCCCTTTGTGTCGGCTGCGTTCTTCATCGATGC 
Se-Po-19,Singapore,Semakau,P. lutea,1.212615N 103.759078E,AGCTGCACCTAA,GCTGCGTTCTTCATCGATGC ,CAAGCAGAAGACGGCATACGAGATAGCTGCACCTAACGGCTGCGTTCTTCATCGATGC 
Se-Po-20,Singapore,Semakau,P. lutea,1.212615N 103.759078E,CCTTGACCGATG,GCTGCGTTCTTCATCGATGC ,CAAGCAGAAGACGGCATACGAGATCCTTGACCGATGCGGCTGCGTTCTTCATCGATGC 
SIS-Po-01,Singapore,Sisters,P. lutea,1.212338N 103.833987E,CTATCATCCTCA,GCTGCGTTCTTCATCGATGC ,CAAGCAGAAGACGGCATACGAGATCTATCATCCTCACGGCTGCGTTCTTCATCGATGC 
SIS-Po-02,Singapore,Sisters,P. lutea,1.212338N 103.833987E,ACTCTAGCCGGT,GCTGCGTTCTTCATCGATGC ,CAAGCAGAAGACGGCATACGAGATACTCTAGCCGGTCGGCTGCGTTCTTCATCGATGC 
SIS-Po-03,Singapore,Sisters,P. lutea,1.212338N 103.833987E,CGATAGGCCTTA,GCTGCGTTCTTCATCGATGC ,CAAGCAGAAGACGGCATACGAGATCGATAGGCCTTACGGCTGCGTTCTTCATCGATGC 
SIS-Po-04,Singapore,Sisters,P. lutea,1.212338N 103.833987E,AATGACCTCGTG,GCTGCGTTCTTCATCGATGC ,CAAGCAGAAGACGGCATACGAGATAATGACCTCGTGCGGCTGCGTTCTTCATCGATGC 
SIS-Po-05,Singapore,Sisters,P. lutea,1.212338N 103.833987E,CTTAGGCATGTG,GCTGCGTTCTTCATCGATGC ,CAAGCAGAAGACGGCATACGAGATCTTAGGCATGTGCGGCTGCGTTCTTCATCGATGC 
SIS-Po-06,Singapore,Sisters,P. lutea,1.212338N 103.833987E,CCAGATATAGCA,GCTGCGTTCTTCATCGATGC ,CAAGCAGAAGACGGCATACGAGATCCAGATATAGCACGGCTGCGTTCTTCATCGATGC 
SIS-Po-07,Singapore,Sisters,P. lutea,1.212338N 103.833987E,GAGAGTCCACTT,GCTGCGTTCTTCATCGATGC ,CAAGCAGAAGACGGCATACGAGATGAGAGTCCACTTCGGCTGCGTTCTTCATCGATGC 
SIS-Po-08,Singapore,Sisters,P. lutea,1.212338N 103.833987E,GAACGGGACGTA,GCTGCGTTCTTCATCGATGC ,CAAGCAGAAGACGGCATACGAGATGAACGGGACGTACGGCTGCGTTCTTCATCGATGC 
SIS-Po-09,Singapore,Sisters,P. lutea,1.212338N 103.833987E,ACGTGTAGGCTT,GCTGCGTTCTTCATCGATGC ,CAAGCAGAAGACGGCATACGAGATACGTGTAGGCTTCGGCTGCGTTCTTCATCGATGC 
SIS-Po-10,Singapore,Sisters,P. lutea,1.212338N 103.833987E,GGTCTCCTACAG,GCTGCGTTCTTCATCGATGC ,CAAGCAGAAGACGGCATACGAGATGGTCTCCTACAGCGGCTGCGTTCTTCATCGATGC 
SIS-Po-11,Singapore,Sisters,P. lutea,1.212338N 103.833987E,ACTGACTTAAGG,GCTGCGTTCTTCATCGATGC ,CAAGCAGAAGACGGCATACGAGATACTGACTTAAGGCGGCTGCGTTCTTCATCGATGC 
SIS-Po-12,Singapore,Sisters,P. lutea,1.212338N 103.833987E,GATGCTGCCGTT,GCTGCGTTCTTCATCGATGC ,CAAGCAGAAGACGGCATACGAGATGATGCTGCCGTTCGGCTGCGTTCTTCATCGATGC 
SIS-Po-13,Singapore,Sisters,P. lutea,1.212338N 103.833987E,TTCCTAGGCCAG,GCTGCGTTCTTCATCGATGC ,CAAGCAGAAGACGGCATACGAGATTTCCTAGGCCAGCGGCTGCGTTCTTCATCGATGC 
SIS-Po-14,Singapore,Sisters,P. lutea,1.212338N 103.833987E,ATTAAGCCTGGA,GCTGCGTTCTTCATCGATGC ,CAAGCAGAAGACGGCATACGAGATATTAAGCCTGGACGGCTGCGTTCTTCATCGATGC 
SIS-Po-15,Singapore,Sisters,P. lutea,1.212338N 103.833987E,TGGCTTTCTATC,GCTGCGTTCTTCATCGATGC ,CAAGCAGAAGACGGCATACGAGATTGGCTTTCTATCCGGCTGCGTTCTTCATCGATGC 
SIS-Po-16,Singapore,Sisters,P. lutea,1.212338N 103.833987E,ACAGCTCAAACA,GCTGCGTTCTTCATCGATGC ,CAAGCAGAAGACGGCATACGAGATACAGCTCAAACACGGCTGCGTTCTTCATCGATGC 
SIS-Po-17,Singapore,Sisters,P. lutea,1.212338N 103.833987E,GAGCGTATCCAT,GCTGCGTTCTTCATCGATGC ,CAAGCAGAAGACGGCATACGAGATGAGCGTATCCATCGGCTGCGTTCTTCATCGATGC 
SIS-Po-18,Singapore,Sisters,P. lutea,1.212338N 103.833987E,ATGGGCGAATGG,GCTGCGTTCTTCATCGATGC ,CAAGCAGAAGACGGCATACGAGATATGGGCGAATGGCGGCTGCGTTCTTCATCGATGC 
SIS-Po-19,Singapore,Sisters,P. lutea,1.212338N 103.833987E,GATCTCTGGGTA,GCTGCGTTCTTCATCGATGC ,CAAGCAGAAGACGGCATACGAGATGATCTCTGGGTACGGCTGCGTTCTTCATCGATGC 
SIS-Po-20,Singapore,Sisters,P. lutea,1.212338N 103.833987E,CATCATACGGGT,GCTGCGTTCTTCATCGATGC ,CAAGCAGAAGACGGCATACGAGATCATCATACGGGTCGGCTGCGTTCTTCATCGATGC 
Jo-Po-01,Singapore,Jong,P. lutea,1.214168N 103.786423E,TACGGATTATGG,GCTGCGTTCTTCATCGATGC ,CAAGCAGAAGACGGCATACGAGATTACGGATTATGGCGGCTGCGTTCTTCATCGATGC 
Jo-Po-02,Singapore,Jong,P. lutea,1.214168N 103.786423E,ATAGCGAACTCA,GCTGCGTTCTTCATCGATGC ,CAAGCAGAAGACGGCATACGAGATATAGCGAACTCACGGCTGCGTTCTTCATCGATGC 
Jo-Po-03,Singapore,Jong,P. lutea,1.214168N 103.786423E,TAACGCTGTGTG,GCTGCGTTCTTCATCGATGC ,CAAGCAGAAGACGGCATACGAGATTAACGCTGTGTGCGGCTGCGTTCTTCATCGATGC 
Jo-Po-04,Singapore,Jong,P. lutea,1.214168N 103.786423E,AACCAAACTCGA,GCTGCGTTCTTCATCGATGC ,CAAGCAGAAGACGGCATACGAGATAACCAAACTCGACGGCTGCGTTCTTCATCGATGC 
Jo-Po-05,Singapore,Jong,P. lutea,1.214168N 103.786423E,GCCGTCTCGTAA,GCTGCGTTCTTCATCGATGC ,CAAGCAGAAGACGGCATACGAGATGCCGTCTCGTAACGGCTGCGTTCTTCATCGATGC 
Jo-Po-06,Singapore,Jong,P. lutea,1.214168N 103.786423E,CTGGGTATCTCG,GCTGCGTTCTTCATCGATGC ,CAAGCAGAAGACGGCATACGAGATCTGGGTATCTCGCGGCTGCGTTCTTCATCGATGC 
Jo-Po-07,Singapore,Jong,P. lutea,1.214168N 103.786423E,GACTACCCGTTG,GCTGCGTTCTTCATCGATGC ,CAAGCAGAAGACGGCATACGAGATGACTACCCGTTGCGGCTGCGTTCTTCATCGATGC 
Jo-Po-08,Singapore,Jong,P. lutea,1.214168N 103.786423E,GCGTTGCAAACT,GCTGCGTTCTTCATCGATGC ,CAAGCAGAAGACGGCATACGAGATGCGTTGCAAACTCGGCTGCGTTCTTCATCGATGC 
Jo-Po-09,Singapore,Jong,P. lutea,1.214168N 103.786423E,AACCGCATAAGT,GCTGCGTTCTTCATCGATGC ,CAAGCAGAAGACGGCATACGAGATAACCGCATAAGTCGGCTGCGTTCTTCATCGATGC 
Jo-Po-10,Singapore,Jong,P. lutea,1.214168N 103.786423E,ACCTTACACCTT,GCTGCGTTCTTCATCGATGC ,CAAGCAGAAGACGGCATACGAGATACCTTACACCTTCGGCTGCGTTCTTCATCGATGC 
Jo-Po-11,Singapore,Jong,P. lutea,1.214168N 103.786423E,GTAGGTGCTTAC,GCTGCGTTCTTCATCGATGC ,CAAGCAGAAGACGGCATACGAGATGTAGGTGCTTACCGGCTGCGTTCTTCATCGATGC 
Jo-Po-12,Singapore,Jong,P. lutea,1.214168N 103.786423E,CGCATTTGGATG,GCTGCGTTCTTCATCGATGC ,CAAGCAGAAGACGGCATACGAGATCGCATTTGGATGCGGCTGCGTTCTTCATCGATGC 
Jo-Po-13,Singapore,Jong,P. lutea,1.214168N 103.786423E,ATAACATGTGCG,GCTGCGTTCTTCATCGATGC ,CAAGCAGAAGACGGCATACGAGATATAACATGTGCGCGGCTGCGTTCTTCATCGATGC 
Jo-Po-14,Singapore,Jong,P. lutea,1.214168N 103.786423E,CTTGAGAAATCG,GCTGCGTTCTTCATCGATGC ,CAAGCAGAAGACGGCATACGAGATCTTGAGAAATCGCGGCTGCGTTCTTCATCGATGC 
Jo-Po-15,Singapore,Jong,P. lutea,1.214168N 103.786423E,CTACACAGCACA,GCTGCGTTCTTCATCGATGC ,CAAGCAGAAGACGGCATACGAGATCTACACAGCACACGGCTGCGTTCTTCATCGATGC 
Jo-Po-16,Singapore,Jong,P. lutea,1.214168N 103.786423E,GAAATGCTACGT,GCTGCGTTCTTCATCGATGC ,CAAGCAGAAGACGGCATACGAGATGAAATGCTACGTCGGCTGCGTTCTTCATCGATGC 
Jo-Po-17,Singapore,Jong,P. lutea,1.214168N 103.786423E,TCTGAGGTTGCC,GCTGCGTTCTTCATCGATGC ,CAAGCAGAAGACGGCATACGAGATTCTGAGGTTGCCCGGCTGCGTTCTTCATCGATGC 
Jo-Po-18,Singapore,Jong,P. lutea,1.214168N 103.786423E,GATCATTCTCTC,GCTGCGTTCTTCATCGATGC ,CAAGCAGAAGACGGCATACGAGATGATCATTCTCTCCGGCTGCGTTCTTCATCGATGC 
Jo-Po-19,Singapore,Jong,P. lutea,1.214168N 103.786423E,AGACATACCGTA,GCTGCGTTCTTCATCGATGC ,CAAGCAGAAGACGGCATACGAGATAGACATACCGTACGGCTGCGTTCTTCATCGATGC 
Jo-Po-20,Singapore,Jong,P. lutea,1.214168N 103.786423E,GATCCTCATGCG,GCTGCGTTCTTCATCGATGC ,CAAGCAGAAGACGGCATACGAGATGATCCTCATGCGCGGCTGCGTTCTTCATCGATGC 
Ha-Po-01,Singapore,Hantu,P. lutea,1.223054N 103.748229E,ATTATCGTCCCT,GCTGCGTTCTTCATCGATGC ,CAAGCAGAAGACGGCATACGAGATATTATCGTCCCTCGGCTGCGTTCTTCATCGATGC 
Ha-Po-02,Singapore,Hantu,P. lutea,1.223054N 103.748229E,CCAGACCGCTAT,GCTGCGTTCTTCATCGATGC ,CAAGCAGAAGACGGCATACGAGATCCAGACCGCTATCGGCTGCGTTCTTCATCGATGC 
Ha-Po-03,Singapore,Hantu,P. lutea,1.223054N 103.748229E,AGCTCTAGAAAC,GCTGCGTTCTTCATCGATGC ,CAAGCAGAAGACGGCATACGAGATAGCTCTAGAAACCGGCTGCGTTCTTCATCGATGC 
Ha-Po-04,Singapore,Hantu,P. lutea,1.223054N 103.748229E,TCCATCGACGTG,GCTGCGTTCTTCATCGATGC ,CAAGCAGAAGACGGCATACGAGATTCCATCGACGTGCGGCTGCGTTCTTCATCGATGC 
Ha-Po-05,Singapore,Hantu,P. lutea,1.223054N 103.748229E,CGATGTGTGGTT,GCTGCGTTCTTCATCGATGC ,CAAGCAGAAGACGGCATACGAGATCGATGTGTGGTTCGGCTGCGTTCTTCATCGATGC 
Ha-Po-06,Singapore,Hantu,P. lutea,1.223054N 103.748229E,GCGAAGTTGGGA,GCTGCGTTCTTCATCGATGC ,CAAGCAGAAGACGGCATACGAGATGCGAAGTTGGGACGGCTGCGTTCTTCATCGATGC 
Ha-Po-07,Singapore,Hantu,P. lutea,1.223054N 103.748229E,GCATTCGGCGTT,GCTGCGTTCTTCATCGATGC ,CAAGCAGAAGACGGCATACGAGATGCATTCGGCGTTCGGCTGCGTTCTTCATCGATGC 
Ha-Po-08,Singapore,Hantu,P. lutea,1.223054N 103.748229E,CGCCATTGTGCA,GCTGCGTTCTTCATCGATGC ,CAAGCAGAAGACGGCATACGAGATCGCCATTGTGCACGGCTGCGTTCTTCATCGATGC 
Ha-Po-09,Singapore,Hantu,P. lutea,1.223054N 103.748229E,TCCAACTGCAGA,GCTGCGTTCTTCATCGATGC ,CAAGCAGAAGACGGCATACGAGATTCCAACTGCAGACGGCTGCGTTCTTCATCGATGC 
Ha-Po-10,Singapore,Hantu,P. lutea,1.223054N 103.748229E,TAAAGACCCGTA,GCTGCGTTCTTCATCGATGC ,CAAGCAGAAGACGGCATACGAGATTAAAGACCCGTACGGCTGCGTTCTTCATCGATGC 
Ha-Po-11,Singapore,Hantu,P. lutea,1.223054N 103.748229E,TGTATCTTCACC,GCTGCGTTCTTCATCGATGC ,CAAGCAGAAGACGGCATACGAGATTGTATCTTCACCCGGCTGCGTTCTTCATCGATGC 
Ha-Po-12,Singapore,Hantu,P. lutea,1.223054N 103.748229E,GACTGACTCGTC,GCTGCGTTCTTCATCGATGC ,CAAGCAGAAGACGGCATACGAGATGACTGACTCGTCCGGCTGCGTTCTTCATCGATGC 
Ha-Po-13,Singapore,Hantu,P. lutea,1.223054N 103.748229E,TCGTGGATAGCT,GCTGCGTTCTTCATCGATGC ,CAAGCAGAAGACGGCATACGAGATTCGTGGATAGCTCGGCTGCGTTCTTCATCGATGC 
Ha-Po-14,Singapore,Hantu,P. lutea,1.223054N 103.748229E,GACGCACTAACT,GCTGCGTTCTTCATCGATGC ,CAAGCAGAAGACGGCATACGAGATGACGCACTAACTCGGCTGCGTTCTTCATCGATGC 
Ha-Po-15,Singapore,Hantu,P. lutea,1.223054N 103.748229E,GGCGATTTACGT,GCTGCGTTCTTCATCGATGC ,CAAGCAGAAGACGGCATACGAGATGGCGATTTACGTCGGCTGCGTTCTTCATCGATGC 
Ha-Po-16,Singapore,Hantu,P. lutea,1.223054N 103.748229E,TAAGGCATCGCT,GCTGCGTTCTTCATCGATGC ,CAAGCAGAAGACGGCATACGAGATTAAGGCATCGCTCGGCTGCGTTCTTCATCGATGC 
Ha-Po-17,Singapore,Hantu,P. lutea,1.223054N 103.748229E,ACCCATACAGCC,GCTGCGTTCTTCATCGATGC ,CAAGCAGAAGACGGCATACGAGATACCCATACAGCCCGGCTGCGTTCTTCATCGATGC 
Ha-Po-18,Singapore,Hantu,P. lutea,1.223054N 103.748229E,CGCACTACGCAT,GCTGCGTTCTTCATCGATGC ,CAAGCAGAAGACGGCATACGAGATCGCACTACGCATCGGCTGCGTTCTTCATCGATGC 
Ha-Po-19,Singapore,Hantu,P. lutea,1.223054N 103.748229E,CAGTCGTTAAGA,GCTGCGTTCTTCATCGATGC ,CAAGCAGAAGACGGCATACGAGATCAGTCGTTAAGACGGCTGCGTTCTTCATCGATGC 
Ha-Po-20,Singapore,Hantu,P. lutea,1.223054N 103.748229E,CTACGAAAGCCT,GCTGCGTTCTTCATCGATGC ,CAAGCAGAAGACGGCATACGAGATCTACGAAAGCCTCGGCTGCGTTCTTCATCGATGC 
SS-Po-01A,Singapore,Sultan Shoal,P. lutea,1.239384N 103.648806E ,ATAATTGCCGAG,GCTGCGTTCTTCATCGATGC ,CAAGCAGAAGACGGCATACGAGATATAATTGCCGAGCGGCTGCGTTCTTCATCGATGC 
SS-Po-02A,Singapore,Sultan Shoal,P. lutea,1.239384N 103.648806E ,GGCATGTTATCG,GCTGCGTTCTTCATCGATGC ,CAAGCAGAAGACGGCATACGAGATGGCATGTTATCGCGGCTGCGTTCTTCATCGATGC 
SS-Po-03A,Singapore,Sultan Shoal,P. lutea,1.239384N 103.648806E ,AGGCACAGTAGG,GCTGCGTTCTTCATCGATGC ,CAAGCAGAAGACGGCATACGAGATAGGCACAGTAGGCGGCTGCGTTCTTCATCGATGC 
SS-Po-04A,Singapore,Sultan Shoal,P. lutea,1.239384N 103.648806E ,CTACTTACATCC,GCTGCGTTCTTCATCGATGC ,CAAGCAGAAGACGGCATACGAGATCTACTTACATCCCGGCTGCGTTCTTCATCGATGC 
SS-Po-05A,Singapore,Sultan Shoal,P. lutea,1.239384N 103.648806E ,CTCTTCTGATCA,GCTGCGTTCTTCATCGATGC ,CAAGCAGAAGACGGCATACGAGATCTCTTCTGATCACGGCTGCGTTCTTCATCGATGC 
SS-Po-06A,Singapore,Sultan Shoal,P. lutea,1.239384N 103.648806E ,ATGCTAACCACG,GCTGCGTTCTTCATCGATGC ,CAAGCAGAAGACGGCATACGAGATATGCTAACCACGCGGCTGCGTTCTTCATCGATGC 
SS-Po-07A,Singapore,Sultan Shoal,P. lutea,1.239384N 103.648806E ,ACCAATCTCGGC,GCTGCGTTCTTCATCGATGC ,CAAGCAGAAGACGGCATACGAGATACCAATCTCGGCCGGCTGCGTTCTTCATCGATGC 
SS-Po-08A,Singapore,Sultan Shoal,P. lutea,1.239384N 103.648806E ,TATCCAAGCGCA,GCTGCGTTCTTCATCGATGC ,CAAGCAGAAGACGGCATACGAGATTATCCAAGCGCACGGCTGCGTTCTTCATCGATGC 
SS-Po-09A,Singapore,Sultan Shoal,P. lutea,1.239384N 103.648806E ,GTACTGAAGATC,GCTGCGTTCTTCATCGATGC ,CAAGCAGAAGACGGCATACGAGATGTACTGAAGATCCGGCTGCGTTCTTCATCGATGC 
SS-Po-10A,Singapore,Sultan Shoal,P. lutea,1.239384N 103.648806E ,TCGCCGTGTACA,GCTGCGTTCTTCATCGATGC ,CAAGCAGAAGACGGCATACGAGATTCGCCGTGTACACGGCTGCGTTCTTCATCGATGC 
SS-Po-11A,Singapore,Sultan Shoal,P. lutea,1.239384N 103.648806E ,AACTGCGATATG,GCTGCGTTCTTCATCGATGC ,CAAGCAGAAGACGGCATACGAGATAACTGCGATATGCGGCTGCGTTCTTCATCGATGC 
SS-Po-12A,Singapore,Sultan Shoal,P. lutea,1.239384N 103.648806E ,CTTCCAACTCAT,GCTGCGTTCTTCATCGATGC ,CAAGCAGAAGACGGCATACGAGATCTTCCAACTCATCGGCTGCGTTCTTCATCGATGC 
SS-Po-13A,Singapore,Sultan Shoal,P. lutea,1.239384N 103.648806E ,GAGATCGCCTAT,GCTGCGTTCTTCATCGATGC ,CAAGCAGAAGACGGCATACGAGATGAGATCGCCTATCGGCTGCGTTCTTCATCGATGC 
SS-Po-14A,Singapore,Sultan Shoal,P. lutea,1.239384N 103.648806E ,TGTACATCGCCG,GCTGCGTTCTTCATCGATGC ,CAAGCAGAAGACGGCATACGAGATTGTACATCGCCGCGGCTGCGTTCTTCATCGATGC 
SS-Po-15A,Singapore,Sultan Shoal,P. lutea,1.239384N 103.648806E ,TGTTAAGCAGCA,GCTGCGTTCTTCATCGATGC ,CAAGCAGAAGACGGCATACGAGATTGTTAAGCAGCACGGCTGCGTTCTTCATCGATGC 
SS-Po-16A,Singapore,Sultan Shoal,P. lutea,1.239384N 103.648806E ,ACGGCGTTATGT,GCTGCGTTCTTCATCGATGC ,CAAGCAGAAGACGGCATACGAGATACGGCGTTATGTCGGCTGCGTTCTTCATCGATGC 
SS-Po-17A,Singapore,Sultan Shoal,P. lutea,1.239384N 103.648806E ,ACTTTGCTTTGC,GCTGCGTTCTTCATCGATGC ,CAAGCAGAAGACGGCATACGAGATACTTTGCTTTGCCGGCTGCGTTCTTCATCGATGC 
SS-Po-18A,Singapore,Sultan Shoal,P. lutea,1.239384N 103.648806E ,CAAAGCGGTATT,GCTGCGTTCTTCATCGATGC ,CAAGCAGAAGACGGCATACGAGATCAAAGCGGTATTCGGCTGCGTTCTTCATCGATGC 
SS-Po-19A,Singapore,Sultan Shoal,P. lutea,1.239384N 103.648806E ,CGAAACTACGTA,GCTGCGTTCTTCATCGATGC ,CAAGCAGAAGACGGCATACGAGATCGAAACTACGTACGGCTGCGTTCTTCATCGATGC 
SS-Po-20A,Singapore,Sultan Shoal,P. lutea,1.239384N 103.648806E ,GAGGACCAGCAA,GCTGCGTTCTTCATCGATGC ,CAAGCAGAAGACGGCATACGAGATGAGGACCAGCAACGGCTGCGTTCTTCATCGATGC 
Po-Blank-01,Singapore,Blank,Blank,Blank,AATAGCATGTCG,GCTGCGTTCTTCATCGATGC ,CAAGCAGAAGACGGCATACGAGATAATAGCATGTCGCGGCTGCGTTCTTCATCGATGC 
Po-Blank-02,Singapore,Blank,Blank,Blank,CGGAGTAATCCT,GCTGCGTTCTTCATCGATGC ,CAAGCAGAAGACGGCATACGAGATCGGAGTAATCCTCGGCTGCGTTCTTCATCGATGC 
Po-Blank-03,Singapore,Blank,Blank,Blank,CTGTGTCCATGG,GCTGCGTTCTTCATCGATGC ,CAAGCAGAAGACGGCATACGAGATCTGTGTCCATGGCGGCTGCGTTCTTCATCGATGC 
Po-Blank-04,Singapore,Blank,Blank,Blank,CTTCGCGGATGT,GCTGCGTTCTTCATCGATGC ,CAAGCAGAAGACGGCATACGAGATCTTCGCGGATGTCGGCTGCGTTCTTCATCGATGC 
Po-Blank-05,Singapore,Blank,Blank,Blank,ATAGGCTGTAGT,GCTGCGTTCTTCATCGATGC ,CAAGCAGAAGACGGCATACGAGATATAGGCTGTAGTCGGCTGCGTTCTTCATCGATGC 
Po-Blank-06,Singapore,Blank,Blank,Blank,TGTGTAGCCATG,GCTGCGTTCTTCATCGATGC ,CAAGCAGAAGACGGCATACGAGATTGTGTAGCCATGCGGCTGCGTTCTTCATCGATGC 
Po-Blank-07,Singapore,Blank,Blank,Blank,AAGGGCGCTGAA,GCTGCGTTCTTCATCGATGC ,CAAGCAGAAGACGGCATACGAGATAAGGGCGCTGAACGGCTGCGTTCTTCATCGATGC 
,,,,,,,
,,,,,,,
,,,,,,,
,,,,,,,
,,,,,,,
,,,,,,,
,,,,,,,
,,,,,,,
,,,,,,,
,,,,,,,
,,,,,,,
,,,,,,,
,,,,,,,
,,,,,,,
,,,,,,,
,,,,,,,
,,,,,,,
,,,,,,,
,,,,,,,
,,,,,,,
,,,,,,,
,,,,,,,
,,,,,,,
,,,,,,,
,,,,,,,
,,,,,,,
,,,,,,,
,,,,,,,
,,,,,,,
,,,,,,,
,,,,,,,
,,,,,,,
,,,,,,,
,,,,,,,
,,,,,,,
,,,,,,,
,,,,,,,
,,,,,,,
,,,,,,,
,,,,,,,
,,,,,,,
,,,,,,,
,,,,,,,
,,,,,,,
,,,,,,,
,,,,,,,
,,,,,,,
,,,,,,,
,,,,,,,
,,,,,,,
,,,,,,,
,,,,,,,
,,,,,,,
,,,,,,,
,,,,,,,
,,,,,,,
,,,,,,,
,,,,,,,
,,,,,,,
,,,,,,,
,,,,,,,
,,,,,,,
,,,,,,,
,,,,,,,
,,,,,,,
,,,,,,,
,,,,,,,
,,,,,,,
,,,,,,,
,,,,,,,
,,,,,,,
,,,,,,,
,,,,,,,
,,,,,,,
,,,,,,,
,,,,,,,
,,,,,,,
,,,,,,,
,,,,,,,
,,,,,,,
,,,,,,,
,,,,,,,
,,,,,,,
,,,,,,,
,,,,,,,
,,,,,,,
,,,,,,,
,,,,,,,
,,,,,,,
,,,,,,,
,,,,,,,
,,,,,,,
,,,,,,,
,,,,,,,
,,,,,,,
,,,,,,,
,,,,,,,
,,,,,,,
,,,,,,,
,,,,,,,
,,,,,,,
,,,,,,,
,,,,,,,
,,,,,,,
,,,,,,,
,,,,,,,
,,,,,,,
,,,,,,,
,,,,,,,
,,,,,,,
,,,,,,,
,,,,,,,
,,,,,,,
,,,,,,,
,,,,,,,
,,,,,,,
,,,,,,,
,,,,,,,
,,,,,,,
,,,,,,,
,,,,,,,
,,,,,,,
,,,,,,,
,,,,,,,
,,,,,,,
,,,,,,,
,,,,,,,
,,,,,,,
,,,,,,,
,,,,,,,
,,,,,,,
,,,,,,,
,,,,,,,
,,,,,,,
,,,,,,,
,,,,,,,
,,,,,,,
,,,,,,,
,,,,,,,
,,,,,,,
,,,,,,,
,,,,,,,
,,,,,,,
,,,,,,,
,,,,,,,
,,,,,,,
,,,,,,,
,,,,,,,
,,,,,,,
,,,,,,,
,,,,,,,
,,,,,,,
,,,,,,,
,,,,,,,
,,,,,,,
,,,,,,,
,,,,,,,
,,,,,,,
,,,,,,,
,,,,,,,
,,,,,,,
,,,,,,,
,,,,,,,
,,,,,,,
,,,,,,,
,,,,,,,
,,,,,,,
,,,,,,,
,,,,,,,
,,,,,,,
,,,,,,,
,,,,,,,
,,,,,,,
,,,,,,,
,,,,,,,
,,,,,,,
,,,,,,,
,,,,,,,
,,,,,,,
,,,,,,,
,,,,,,,
,,,,,,,
,,,,,,,
,,,,,,,
,,,,,,,
,,,,,,,
,,,,,,,
,,,,,,,
,,,,,,,
,,,,,,,
,,,,,,,
,,,,,,,
,,,,,,,
,,,,,,,
,,,,,,,
,,,,,,,
,,,,,,,
,,,,,,,
,,,,,,,
,,,,,,,
,,,,,,,
,,,,,,,
,,,,,,,
,,,,,,,
,,,,,,,
,,,,,,,
,,,,,,,
,,,,,,,
,,,,,,,
,,,,,,,
,,,,,,,
,,,,,,,
,,,,,,,
,,,,,,,
,,,,,,,
,,,,,,,
,,,,,,,
,,,,,,,
,,,,,,,
,,,,,,,
,,,,,,,
,,,,,,,
,,,,,,,
,,,,,,,
,,,,,,,
,,,,,,,
,,,,,,,
,,,,,,,
,,,,,,,
,,,,,,,
,,,,,,,
,,,,,,,
,,,,,,,
,,,,,,,
,,,,,,,
,,,,,,,
,,,,,,,
,,,,,,,
,,,,,,,
,,,,,,,
,,,,,,,
,,,,,,,
,,,,,,,
,,,,,,,
,,,,,,,
,,,,,,,
,,,,,,,
,,,,,,,
,,,,,,,
,,,,,,,
